Id,Name,Datestamp
1,Jack,2020-08-09
2,Hank,2024-01-07
3,Alice,2021-11-07
4,Diana,2020-10-27
5,Jack,2020-08-03
6,Hank,2024-01-23
7,Hank,2021-09-01
8,Jack,2021-08-11
9,Grace,2024-05-21
10,Eve,2024-10-26
11,Diana,2024-05-14
12,Alice,2020-01-16
13,Grace,2020-07-04
14,Charlie,2024-09-03
15,Diana,2022-08-15
16,Alice,2023-07-16
17,Eve,2021-06-30
18,Alice,2024-04-24
19,Hank,2023-06-30
20,Frank,2024-11-12
21,Charlie,2020-06-02
22,Frank,2023-03-23
23,Grace,2021-05-14
24,Charlie,2025-03-24
25,Alice,2020-11-18
26,Jack,2023-01-20
27,Charlie,2021-05-27
28,Diana,2022-02-15
29,Frank,2023-10-03
30,Eve,2020-02-11
31,Jack,2020-10-28
32,Eve,2022-02-07
33,Ivy,2021-05-04
34,Alice,2020-08-23
35,Hank,2023-11-20
36,Charlie,2021-10-23
37,Charlie,2024-09-06
38,Frank,2022-05-19
39,Bob,2021-09-25
40,Hank,2021-01-18
41,Diana,2024-02-20
42,Eve,2020-12-09
43,Ivy,2023-08-19
44,Bob,2021-08-09
45,Eve,2020-12-13
46,Frank,2022-12-15
47,Bob,2020-05-25
48,Alice,2023-07-05
49,Ivy,2025-01-07
50,Charlie,2021-12-31
51,Frank,2025-02-15
52,Hank,2021-04-09
53,Charlie,2022-08-04
54,Eve,2025-04-26
55,Ivy,2020-03-13
56,Frank,2020-01-27
57,Eve,2021-05-10
58,Alice,2022-04-03
59,Diana,2022-09-23
60,Grace,2021-03-05
61,Frank,2021-05-23
62,Charlie,2025-03-27
63,Grace,2021-11-24
64,Alice,2020-10-13
65,Charlie,2021-10-12
66,Jack,2023-05-26
67,Eve,2022-08-01
68,Bob,2020-01-12
69,Grace,2022-11-03
70,Eve,2024-08-16
71,Frank,2025-06-01
72,Diana,2023-04-21
73,Bob,2024-10-18
74,Eve,2022-08-05
75,Diana,2022-06-26
76,Alice,2023-05-30
77,Grace,2023-07-02
78,Grace,2022-06-20
79,Eve,2022-07-24
80,Charlie,2022-10-14
81,Jack,2023-09-03
82,Grace,2024-01-10
83,Jack,2021-04-03
84,Eve,2020-08-02
85,Eve,2021-03-24
86,Diana,2020-04-03
87,Bob,2023-10-22
88,Frank,2022-10-01
89,Alice,2023-06-22
90,Diana,2025-05-25
91,Diana,2024-05-28
92,Jack,2021-04-16
93,Alice,2020-06-02
94,Grace,2024-11-03
95,Alice,2021-01-26
96,Alice,2024-02-27
97,Bob,2025-01-08
98,Bob,2021-08-06
99,Alice,2021-12-26
100,Alice,2020-06-12
101,Alice,2023-06-15
102,Hank,2020-11-27
103,Ivy,2024-07-21
104,Charlie,2020-01-28
105,Ivy,2020-10-28
106,Jack,2025-01-11
107,Eve,2020-11-03
108,Diana,2020-09-27
109,Alice,2020-10-30
110,Frank,2020-10-19
111,Bob,2022-06-04
112,Diana,2021-05-14
113,Ivy,2020-02-19
114,Hank,2025-01-12
115,Eve,2025-01-05
116,Jack,2022-12-13
117,Charlie,2023-12-05
118,Bob,2022-07-09
119,Frank,2024-02-18
120,Charlie,2022-01-29
121,Frank,2022-12-12
122,Jack,2020-08-25
123,Charlie,2020-06-06
124,Bob,2022-07-19
125,Eve,2024-07-18
126,Charlie,2020-12-14
127,Eve,2022-02-26
128,Grace,2021-04-27
129,Grace,2020-05-19
130,Frank,2024-08-27
131,Eve,2021-11-12
132,Bob,2024-06-06
133,Jack,2023-04-20
134,Charlie,2024-03-10
135,Jack,2023-03-03
136,Bob,2023-08-11
137,Ivy,2022-09-27
138,Frank,2021-08-09
139,Diana,2022-06-13
140,Diana,2022-09-24
141,Ivy,2020-07-05
142,Bob,2025-03-27
143,Ivy,2022-11-22
144,Frank,2024-02-17
145,Bob,2021-05-16
146,Bob,2022-05-22
147,Eve,2024-02-25
148,Charlie,2025-03-14
149,Ivy,2020-09-04
150,Alice,2020-01-12
151,Alice,2020-05-31
152,Jack,2021-08-09
153,Alice,2023-11-06
154,Alice,2020-10-10
155,Alice,2021-03-18
156,Alice,2022-06-02
157,Ivy,2023-07-14
158,Hank,2022-06-30
159,Hank,2022-03-24
160,Charlie,2020-08-15
161,Diana,2020-04-24
162,Charlie,2025-01-26
163,Hank,2021-07-07
164,Bob,2021-06-15
165,Frank,2025-02-08
166,Frank,2023-06-04
167,Jack,2021-01-03
168,Jack,2020-11-02
169,Alice,2020-09-08
170,Ivy,2022-04-23
171,Grace,2020-05-29
172,Eve,2022-01-02
173,Diana,2023-06-25
174,Frank,2020-06-12
175,Charlie,2023-10-04
176,Charlie,2022-04-30
177,Charlie,2023-02-13
178,Alice,2025-04-22
179,Grace,2023-04-16
180,Alice,2020-03-30
181,Ivy,2020-01-18
182,Diana,2021-09-02
183,Hank,2021-01-27
184,Grace,2023-03-12
185,Diana,2020-01-09
186,Bob,2022-10-17
187,Alice,2020-01-24
188,Jack,2020-07-15
189,Hank,2021-05-16
190,Hank,2023-08-04
191,Eve,2020-05-24
192,Alice,2024-02-27
193,Bob,2025-05-15
194,Bob,2023-02-25
195,Bob,2020-07-01
196,Eve,2022-03-17
197,Charlie,2022-03-21
198,Eve,2023-06-28
199,Grace,2023-06-11
200,Hank,2020-08-12
201,Eve,2022-05-27
202,Alice,2024-12-29
203,Alice,2023-08-23
204,Hank,2023-02-03
205,Grace,2023-07-18
206,Grace,2024-04-19
207,Ivy,2025-02-20
208,Grace,2021-07-29
209,Frank,2020-05-11
210,Eve,2023-04-12
211,Diana,2021-07-30
212,Eve,2021-08-16
213,Eve,2022-07-07
214,Charlie,2021-06-17
215,Grace,2022-03-13
216,Diana,2022-12-06
217,Diana,2021-09-21
218,Eve,2021-10-22
219,Jack,2024-06-29
220,Hank,2024-04-20
221,Eve,2024-01-12
222,Ivy,2024-09-10
223,Grace,2025-03-04
224,Frank,2022-02-23
225,Bob,2022-03-25
226,Charlie,2021-09-11
227,Grace,2022-05-09
228,Eve,2025-04-21
229,Eve,2024-08-28
230,Bob,2025-03-15
231,Grace,2022-12-05
232,Diana,2024-10-23
233,Alice,2025-02-02
234,Eve,2021-02-20
235,Jack,2022-04-22
236,Ivy,2020-07-30
237,Grace,2021-05-08
238,Grace,2021-02-10
239,Hank,2023-03-05
240,Frank,2020-03-30
241,Grace,2024-02-18
242,Alice,2020-12-25
243,Grace,2024-05-21
244,Charlie,2023-08-28
245,Frank,2021-11-02
246,Frank,2020-09-03
247,Ivy,2020-11-27
248,Hank,2021-12-10
249,Eve,2024-05-25
250,Hank,2022-07-10
251,Bob,2020-03-27
252,Diana,2020-06-12
253,Diana,2022-04-03
254,Alice,2021-08-26
255,Eve,2023-09-23
256,Charlie,2021-11-12
257,Grace,2021-12-17
258,Eve,2021-06-20
259,Diana,2024-03-17
260,Grace,2023-03-05
261,Bob,2022-03-18
262,Alice,2024-04-30
263,Charlie,2024-11-04
264,Bob,2024-10-17
265,Charlie,2024-07-15
266,Grace,2023-12-25
267,Charlie,2020-08-27
268,Eve,2025-05-09
269,Frank,2020-08-16
270,Eve,2022-09-20
271,Jack,2021-08-09
272,Ivy,2024-09-19
273,Frank,2021-03-22
274,Grace,2023-05-28
275,Bob,2025-04-21
276,Eve,2020-06-17
277,Jack,2021-07-05
278,Hank,2023-04-21
279,Hank,2020-10-22
280,Charlie,2022-02-14
281,Jack,2025-06-06
282,Diana,2023-01-31
283,Hank,2022-09-05
284,Diana,2021-11-20
285,Bob,2024-10-05
286,Ivy,2021-10-28
287,Ivy,2022-11-20
288,Grace,2021-07-30
289,Bob,2020-02-08
290,Diana,2023-03-06
291,Jack,2024-01-01
292,Diana,2025-05-23
293,Grace,2020-03-31
294,Diana,2020-11-11
295,Bob,2022-04-10
296,Grace,2023-10-29
297,Hank,2020-02-29
298,Alice,2023-03-16
299,Frank,2024-11-09
300,Frank,2021-08-11
301,Eve,2023-06-20
302,Diana,2022-09-05
303,Bob,2024-10-28
304,Frank,2024-03-19
305,Charlie,2023-02-13
306,Diana,2023-02-21
307,Jack,2021-01-23
308,Diana,2021-10-02
309,Ivy,2021-11-26
310,Alice,2024-09-28
311,Bob,2021-03-07
312,Ivy,2021-06-02
313,Eve,2020-12-01
314,Charlie,2023-05-29
315,Jack,2021-05-26
316,Charlie,2022-01-06
317,Alice,2022-08-25
318,Hank,2025-03-04
319,Hank,2021-01-30
320,Diana,2025-01-13
321,Bob,2024-02-18
322,Charlie,2024-09-22
323,Ivy,2025-01-05
324,Eve,2025-05-14
325,Bob,2022-05-10
326,Alice,2024-03-17
327,Ivy,2021-09-19
328,Alice,2021-05-21
329,Grace,2020-11-01
330,Ivy,2021-08-22
331,Ivy,2022-08-27
332,Frank,2024-11-26
333,Grace,2022-11-22
334,Alice,2024-12-28
335,Alice,2022-05-24
336,Frank,2022-03-20
337,Ivy,2022-04-05
338,Charlie,2020-02-24
339,Hank,2020-05-23
340,Frank,2025-02-10
341,Jack,2024-06-29
342,Charlie,2022-01-14
343,Alice,2021-08-31
344,Jack,2024-11-12
345,Jack,2023-01-14
346,Eve,2025-02-01
347,Frank,2024-05-26
348,Alice,2020-07-02
349,Eve,2022-07-26
350,Jack,2020-02-16
351,Diana,2023-10-17
352,Alice,2023-02-10
353,Ivy,2025-02-05
354,Diana,2020-10-10
355,Frank,2023-12-04
356,Alice,2021-08-01
357,Charlie,2023-03-12
358,Alice,2022-08-06
359,Bob,2025-04-19
360,Grace,2024-05-06
361,Alice,2021-10-18
362,Jack,2022-11-03
363,Alice,2020-01-16
364,Diana,2022-09-21
365,Eve,2024-08-31
366,Bob,2021-08-09
367,Jack,2020-01-21
368,Diana,2021-06-09
369,Jack,2023-07-23
370,Alice,2024-06-15
371,Eve,2023-10-12
372,Hank,2020-06-15
373,Diana,2021-11-29
374,Ivy,2021-11-07
375,Charlie,2023-05-06
376,Ivy,2022-11-17
377,Frank,2021-02-12
378,Jack,2020-11-20
379,Bob,2024-12-03
380,Bob,2020-10-19
381,Hank,2023-08-15
382,Alice,2022-04-18
383,Eve,2025-04-01
384,Diana,2025-05-01
385,Grace,2022-06-27
386,Diana,2021-07-08
387,Eve,2024-02-29
388,Ivy,2025-05-04
389,Alice,2020-01-21
390,Ivy,2020-08-11
391,Ivy,2021-01-03
392,Jack,2023-09-23
393,Frank,2020-02-26
394,Jack,2021-12-12
395,Eve,2022-02-15
396,Hank,2020-03-16
397,Bob,2023-03-27
398,Diana,2025-01-15
399,Diana,2022-09-06
400,Hank,2023-05-19
401,Jack,2024-02-01
402,Bob,2020-10-07
403,Jack,2023-07-27
404,Hank,2023-10-07
405,Grace,2022-06-22
406,Jack,2023-10-11
407,Bob,2025-02-02
408,Diana,2024-04-13
409,Diana,2023-07-04
410,Ivy,2024-01-13
411,Ivy,2024-03-11
412,Bob,2024-11-08
413,Jack,2020-10-22
414,Hank,2020-01-24
415,Diana,2024-07-31
416,Alice,2022-09-03
417,Alice,2024-05-30
418,Jack,2022-12-15
419,Frank,2024-10-09
420,Alice,2022-08-10
421,Eve,2021-09-17
422,Diana,2024-11-16
423,Ivy,2022-08-29
424,Diana,2022-10-19
425,Jack,2022-07-14
426,Eve,2023-11-27
427,Jack,2024-11-15
428,Ivy,2021-01-08
429,Bob,2020-06-06
430,Ivy,2021-05-20
431,Grace,2024-08-12
432,Diana,2021-07-09
433,Diana,2022-02-24
434,Diana,2023-10-14
435,Diana,2020-04-06
436,Alice,2021-03-26
437,Charlie,2024-01-08
438,Bob,2025-03-05
439,Ivy,2025-04-05
440,Jack,2020-04-05
441,Hank,2021-11-24
442,Charlie,2022-05-01
443,Ivy,2021-03-28
444,Alice,2023-08-18
445,Diana,2020-12-18
446,Alice,2024-04-29
447,Jack,2022-03-06
448,Jack,2022-11-21
449,Hank,2024-04-08
450,Hank,2022-08-23
451,Charlie,2024-07-23
452,Jack,2021-06-20
453,Ivy,2023-02-02
454,Bob,2022-02-04
455,Frank,2021-04-09
456,Hank,2020-09-06
457,Ivy,2020-12-03
458,Alice,2020-02-27
459,Jack,2024-02-02
460,Hank,2025-06-20
461,Alice,2025-04-08
462,Diana,2022-01-09
463,Alice,2020-08-15
464,Alice,2022-04-20
465,Grace,2024-04-21
466,Charlie,2022-09-22
467,Diana,2022-05-01
468,Charlie,2020-07-21
469,Eve,2020-03-07
470,Charlie,2022-09-22
471,Eve,2021-12-21
472,Bob,2020-11-18
473,Frank,2024-11-22
474,Eve,2020-02-25
475,Diana,2022-03-07
476,Alice,2024-05-03
477,Eve,2020-10-21
478,Jack,2021-02-18
479,Jack,2025-01-21
480,Eve,2021-02-13
481,Charlie,2022-11-20
482,Eve,2021-01-18
483,Diana,2022-02-17
484,Eve,2025-02-16
485,Grace,2023-06-24
486,Diana,2022-01-11
487,Diana,2025-03-29
488,Hank,2020-02-06
489,Jack,2024-05-06
490,Eve,2021-10-01
491,Eve,2024-02-04
492,Frank,2022-10-02
493,Eve,2025-02-15
494,Alice,2023-03-14
495,Charlie,2023-08-05
496,Grace,2022-05-16
497,Charlie,2022-06-03
498,Diana,2020-04-04
499,Eve,2023-01-26
500,Ivy,2023-07-30
501,Eve,2021-09-10
502,Grace,2023-02-04
503,Hank,2023-11-25
504,Grace,2021-02-23
505,Ivy,2020-03-03
506,Grace,2022-09-28
507,Hank,2020-08-14
508,Grace,2022-07-02
509,Jack,2021-11-29
510,Jack,2024-07-27
511,Ivy,2024-04-25
512,Ivy,2023-06-11
513,Bob,2024-02-16
514,Frank,2024-10-04
515,Bob,2020-09-13
516,Hank,2023-01-26
517,Jack,2020-08-04
518,Diana,2021-03-13
519,Ivy,2025-03-08
520,Eve,2021-06-07
521,Frank,2021-08-05
522,Jack,2021-05-09
523,Frank,2021-09-10
524,Diana,2024-11-19
525,Diana,2024-09-16
526,Frank,2021-02-07
527,Ivy,2022-11-08
528,Grace,2022-07-19
529,Diana,2021-08-10
530,Eve,2023-08-19
531,Grace,2021-04-16
532,Grace,2022-03-26
533,Diana,2022-10-30
534,Grace,2025-03-21
535,Charlie,2022-12-25
536,Ivy,2022-01-17
537,Grace,2024-12-28
538,Charlie,2020-06-19
539,Frank,2023-04-21
540,Eve,2023-01-26
541,Frank,2020-10-11
542,Diana,2020-08-29
543,Ivy,2020-01-08
544,Bob,2020-05-08
545,Charlie,2023-01-22
546,Bob,2022-02-23
547,Jack,2020-04-13
548,Bob,2024-08-26
549,Frank,2024-11-06
550,Alice,2020-12-31
551,Diana,2024-09-06
552,Diana,2024-12-23
553,Bob,2020-04-04
554,Grace,2024-05-25
555,Jack,2020-02-16
556,Alice,2023-10-01
557,Ivy,2025-01-09
558,Jack,2024-12-26
559,Grace,2023-09-14
560,Bob,2025-05-18
561,Hank,2024-01-20
562,Eve,2022-09-30
563,Charlie,2025-05-31
564,Charlie,2021-06-17
565,Charlie,2020-01-19
566,Bob,2022-12-29
567,Diana,2025-03-04
568,Frank,2021-08-26
569,Bob,2024-11-22
570,Eve,2022-05-20
571,Alice,2025-04-10
572,Hank,2022-10-05
573,Frank,2025-06-06
574,Diana,2020-10-28
575,Diana,2025-03-04
576,Ivy,2020-10-11
577,Alice,2021-09-19
578,Frank,2020-04-28
579,Ivy,2022-02-04
580,Frank,2020-05-12
581,Hank,2020-11-02
582,Eve,2025-02-03
583,Diana,2022-03-16
584,Hank,2021-08-08
585,Frank,2024-08-16
586,Alice,2022-09-26
587,Charlie,2025-03-25
588,Hank,2020-09-22
589,Frank,2020-09-10
590,Eve,2020-07-08
591,Jack,2022-08-15
592,Hank,2023-10-01
593,Bob,2021-02-10
594,Alice,2020-06-22
595,Hank,2023-12-27
596,Bob,2020-05-20
597,Diana,2022-11-05
598,Alice,2022-06-23
599,Frank,2021-02-09
600,Alice,2024-07-13
601,Grace,2022-12-11
602,Charlie,2024-01-23
603,Charlie,2024-08-30
604,Charlie,2022-09-05
605,Charlie,2024-11-15
606,Frank,2024-01-27
607,Ivy,2021-12-30
608,Frank,2024-12-10
609,Hank,2022-10-09
610,Bob,2024-07-10
611,Alice,2023-10-27
612,Diana,2024-04-25
613,Frank,2025-02-25
614,Jack,2021-03-29
615,Bob,2024-04-15
616,Grace,2024-07-05
617,Frank,2023-08-10
618,Ivy,2021-06-23
619,Alice,2023-11-07
620,Grace,2023-03-16
621,Eve,2025-02-17
622,Frank,2022-07-07
623,Alice,2023-12-17
624,Charlie,2022-06-05
625,Charlie,2024-07-01
626,Hank,2020-03-11
627,Hank,2022-04-21
628,Jack,2022-12-14
629,Charlie,2021-01-20
630,Frank,2023-02-15
631,Ivy,2022-11-14
632,Ivy,2023-09-21
633,Charlie,2021-05-23
634,Diana,2023-05-22
635,Charlie,2020-12-13
636,Grace,2021-03-14
637,Alice,2020-02-11
638,Alice,2022-08-06
639,Ivy,2023-07-29
640,Eve,2022-12-05
641,Grace,2023-01-22
642,Hank,2023-06-30
643,Diana,2022-04-12
644,Jack,2023-09-26
645,Grace,2020-04-21
646,Ivy,2023-01-14
647,Bob,2020-05-19
648,Diana,2022-02-25
649,Charlie,2020-01-06
650,Jack,2020-10-20
651,Grace,2020-11-24
652,Grace,2020-11-18
653,Bob,2022-06-15
654,Bob,2021-06-16
655,Grace,2023-02-02
656,Grace,2022-06-21
657,Eve,2021-01-09
658,Frank,2024-04-04
659,Diana,2021-12-07
660,Bob,2024-06-15
661,Bob,2023-02-11
662,Alice,2023-08-02
663,Eve,2021-07-09
664,Eve,2023-03-24
665,Frank,2021-09-05
666,Bob,2022-06-24
667,Diana,2021-06-27
668,Jack,2022-06-28
669,Alice,2025-05-02
670,Jack,2025-02-15
671,Hank,2024-08-07
672,Bob,2022-10-17
673,Alice,2022-08-01
674,Ivy,2024-05-21
675,Diana,2025-04-08
676,Diana,2024-03-25
677,Grace,2020-12-06
678,Bob,2023-07-14
679,Charlie,2023-12-20
680,Diana,2020-07-12
681,Diana,2021-12-27
682,Charlie,2020-09-26
683,Frank,2021-10-23
684,Frank,2020-12-20
685,Hank,2023-05-14
686,Diana,2021-06-24
687,Alice,2023-02-03
688,Alice,2020-06-25
689,Charlie,2020-04-16
690,Eve,2021-03-31
691,Hank,2023-08-03
692,Ivy,2020-03-07
693,Diana,2020-03-31
694,Diana,2023-08-22
695,Bob,2021-12-23
696,Ivy,2021-09-26
697,Diana,2023-01-22
698,Frank,2022-09-13
699,Hank,2022-07-17
700,Bob,2024-07-19
701,Alice,2024-02-04
702,Jack,2021-07-12
703,Diana,2021-03-17
704,Hank,2020-03-17
705,Diana,2023-05-05
706,Hank,2024-03-30
707,Grace,2020-04-12
708,Grace,2023-01-13
709,Diana,2020-07-30
710,Hank,2023-11-01
711,Hank,2020-10-02
712,Eve,2024-03-29
713,Ivy,2023-11-30
714,Diana,2020-07-22
715,Frank,2024-12-17
716,Alice,2021-10-27
717,Charlie,2022-11-10
718,Grace,2022-06-06
719,Diana,2025-05-21
720,Bob,2025-04-20
721,Jack,2020-08-31
722,Eve,2020-07-09
723,Charlie,2020-04-13
724,Ivy,2020-06-23
725,Frank,2021-06-25
726,Grace,2020-10-02
727,Frank,2022-03-20
728,Diana,2021-09-02
729,Ivy,2021-08-17
730,Hank,2024-11-05
731,Ivy,2020-11-03
732,Jack,2024-12-12
733,Alice,2020-07-31
734,Jack,2020-09-14
735,Jack,2024-09-15
736,Bob,2023-02-18
737,Jack,2021-11-03
738,Hank,2023-07-18
739,Frank,2023-08-19
740,Grace,2023-04-23
741,Hank,2024-03-31
742,Ivy,2020-09-14
743,Diana,2022-11-10
744,Grace,2022-09-04
745,Diana,2025-05-31
746,Jack,2023-02-27
747,Grace,2020-07-05
748,Hank,2024-12-14
749,Grace,2023-04-06
750,Jack,2023-08-08
751,Jack,2022-11-15
752,Jack,2025-02-12
753,Alice,2020-12-15
754,Charlie,2020-03-21
755,Eve,2020-09-23
756,Alice,2021-04-04
757,Diana,2020-09-12
758,Alice,2020-03-18
759,Jack,2020-11-21
760,Grace,2022-01-12
761,Grace,2024-07-11
762,Bob,2023-10-07
763,Alice,2020-10-31
764,Eve,2025-02-04
765,Eve,2024-11-10
766,Hank,2022-12-22
767,Alice,2020-02-24
768,Grace,2024-11-10
769,Eve,2020-09-07
770,Hank,2022-09-22
771,Hank,2023-07-28
772,Ivy,2022-12-08
773,Grace,2020-01-01
774,Grace,2025-02-20
775,Grace,2024-03-07
776,Jack,2021-01-29
777,Charlie,2020-08-16
778,Ivy,2023-12-09
779,Jack,2022-11-11
780,Grace,2022-12-16
781,Alice,2020-06-06
782,Frank,2020-02-09
783,Jack,2022-07-09
784,Frank,2020-09-18
785,Eve,2022-02-05
786,Ivy,2024-04-21
787,Charlie,2024-01-09
788,Hank,2022-02-06
789,Charlie,2024-05-16
790,Alice,2024-05-30
791,Alice,2023-06-20
792,Hank,2023-03-18
793,Frank,2022-04-21
794,Hank,2022-02-28
795,Alice,2024-07-19
796,Eve,2023-09-17
797,Bob,2020-01-24
798,Jack,2023-08-04
799,Bob,2025-05-20
800,Hank,2022-01-14
801,Bob,2023-12-25
802,Hank,2021-02-02
803,Grace,2024-01-23
804,Grace,2024-04-24
805,Hank,2025-02-15
806,Charlie,2020-04-03
807,Jack,2021-02-28
808,Charlie,2025-02-22
809,Charlie,2020-08-06
810,Eve,2024-12-14
811,Bob,2023-03-27
812,Jack,2020-03-27
813,Alice,2023-11-25
814,Ivy,2020-02-25
815,Eve,2020-09-30
816,Charlie,2022-01-18
817,Bob,2021-06-24
818,Ivy,2020-03-16
819,Jack,2025-01-05
820,Grace,2021-04-02
821,Charlie,2021-12-10
822,Alice,2020-04-02
823,Frank,2023-09-05
824,Jack,2025-05-21
825,Bob,2021-04-09
826,Frank,2025-05-02
827,Frank,2024-09-05
828,Bob,2023-09-03
829,Eve,2021-06-03
830,Bob,2023-06-26
831,Grace,2021-09-27
832,Grace,2024-05-15
833,Hank,2024-09-05
834,Ivy,2023-04-04
835,Grace,2024-11-07
836,Alice,2024-12-31
837,Charlie,2023-08-19
838,Jack,2023-03-18
839,Ivy,2020-01-16
840,Grace,2020-05-30
841,Grace,2021-11-15
842,Bob,2024-11-07
843,Charlie,2022-10-10
844,Hank,2021-06-17
845,Eve,2020-11-30
846,Ivy,2022-10-21
847,Alice,2024-08-28
848,Frank,2022-12-04
849,Grace,2020-06-24
850,Jack,2020-07-14
851,Ivy,2021-11-22
852,Alice,2021-07-15
853,Jack,2023-12-25
854,Charlie,2023-07-19
855,Diana,2021-11-23
856,Bob,2024-11-23
857,Bob,2025-01-18
858,Jack,2021-10-12
859,Grace,2021-06-21
860,Eve,2021-12-23
861,Eve,2023-01-14
862,Charlie,2022-07-08
863,Charlie,2024-08-13
864,Ivy,2024-09-26
865,Diana,2024-11-20
866,Grace,2022-11-30
867,Grace,2021-11-09
868,Alice,2020-11-01
869,Jack,2024-07-20
870,Ivy,2020-10-30
871,Hank,2024-10-10
872,Grace,2024-10-28
873,Hank,2021-02-26
874,Eve,2025-06-05
875,Bob,2020-01-20
876,Alice,2021-06-22
877,Jack,2020-02-06
878,Jack,2022-09-01
879,Ivy,2022-05-09
880,Ivy,2020-09-16
881,Alice,2020-03-29
882,Jack,2025-03-04
883,Alice,2021-06-02
884,Frank,2023-08-29
885,Diana,2020-03-19
886,Eve,2025-06-08
887,Frank,2024-09-12
888,Hank,2020-08-28
889,Diana,2023-06-03
890,Diana,2020-08-07
891,Ivy,2020-03-11
892,Frank,2022-07-14
893,Frank,2022-03-11
894,Ivy,2024-03-12
895,Hank,2021-04-22
896,Bob,2022-02-17
897,Diana,2024-06-30
898,Eve,2021-12-08
899,Ivy,2021-11-25
900,Diana,2021-02-01
901,Hank,2020-02-13
902,Frank,2023-12-18
903,Eve,2023-04-09
904,Ivy,2024-03-20
905,Frank,2022-01-20
906,Jack,2021-10-29
907,Ivy,2023-07-04
908,Grace,2021-10-09
909,Charlie,2022-01-02
910,Frank,2020-09-23
911,Bob,2021-08-03
912,Bob,2021-03-16
913,Eve,2021-12-15
914,Frank,2022-05-08
915,Ivy,2022-07-12
916,Bob,2023-01-24
917,Eve,2023-01-27
918,Frank,2025-01-24
919,Hank,2025-01-23
920,Frank,2024-03-29
921,Jack,2020-08-31
922,Charlie,2022-02-17
923,Frank,2023-05-25
924,Ivy,2025-01-21
925,Grace,2022-08-31
926,Jack,2022-09-20
927,Diana,2023-09-20
928,Jack,2023-05-22
929,Bob,2021-01-28
930,Diana,2021-12-31
931,Eve,2023-02-03
932,Charlie,2023-06-24
933,Grace,2023-05-06
934,Charlie,2022-07-17
935,Frank,2020-09-09
936,Diana,2020-05-30
937,Ivy,2021-09-11
938,Diana,2021-09-16
939,Hank,2023-02-20
940,Alice,2023-06-29
941,Eve,2023-08-31
942,Bob,2023-05-23
943,Charlie,2025-04-03
944,Bob,2023-04-29
945,Grace,2022-07-02
946,Charlie,2023-12-05
947,Diana,2023-09-16
948,Ivy,2022-11-21
949,Charlie,2022-06-23
950,Bob,2021-05-08
951,Alice,2024-09-16
952,Diana,2020-10-20
953,Ivy,2025-04-30
954,Ivy,2024-03-12
955,Frank,2023-04-10
956,Alice,2024-12-19
957,Frank,2024-03-02
958,Frank,2020-07-27
959,Frank,2020-09-11
960,Grace,2020-03-01
961,Alice,2024-01-20
962,Alice,2021-02-08
963,Grace,2025-02-25
964,Ivy,2023-06-11
965,Diana,2024-05-30
966,Ivy,2023-04-13
967,Diana,2020-11-03
968,Bob,2025-05-02
969,Eve,2020-04-01
970,Charlie,2024-06-09
971,Grace,2022-12-05
972,Hank,2020-03-14
973,Frank,2025-01-11
974,Ivy,2021-04-17
975,Grace,2021-03-30
976,Alice,2025-03-04
977,Ivy,2021-11-02
978,Jack,2024-10-02
979,Frank,2021-12-30
980,Charlie,2022-02-12
981,Eve,2020-09-01
982,Frank,2021-01-08
983,Hank,2024-06-16
984,Jack,2023-08-31
985,Jack,2025-01-04
986,Diana,2023-04-07
987,Jack,2024-09-29
988,Diana,2025-02-16
989,Charlie,2024-10-21
990,Diana,2021-04-19
991,Grace,2025-02-20
992,Hank,2022-01-01
993,Bob,2020-05-09
994,Grace,2020-11-25
995,Eve,2024-12-01
996,Eve,2020-01-27
997,Bob,2025-05-10
998,Alice,2022-06-08
999,Eve,2023-04-17